[
    {
        "key": "test_1695928195411",
        "description": "Test",
        "icon": "/icon/actioncard/emergency_referral",
        "LastUpdated": 1715589836294,
        "_table": "module-categories",
        "id": "b08c23ad-1e01-2d12-102b-ad6706e7358a",
        "modules": [
            "active-management-of-third-stage-labour_1487678773861",
            "normal-labour-and-birth_1592462784361",
            "hypertension_1487677992452",
            "infection-prevention_1487676001934",
            "post-abortion-care_1487676484604"
        ]
    },
    {
        "key": "test-module11_1696570699824",
        "description": "Test Module11",
        "icon": "/icon/actioncard/Progestin_only_pills",
        "LastUpdated": 1716269326826,
        "_table": "module-categories",
        "id": "a899f78d-e0cb-8c3f-303c-e9ad60080c92",
        "modules": [
            "post-abortion-care_1487676484604",
            "infection-prevention_1487676001934"
        ]
    },
    {
        "key": "test2_1713418796057",
        "description": "test2",
        "icon": "/icon/actioncard/newborn_management_pediatric_drugs_and_fluids",
        "LastUpdated": 1715590031875,
        "_table": "module-categories",
        "id": "aceabefb-9e12-5844-2df1-fba20f0bccc1",
        "modules": [
            "hypertension_1487677992452",
            "normal-labour-and-birth_1592462784361",
            "active-management-of-third-stage-labour_1487678773861"
        ]
    },
    {
        "key": "test3_1713419089986",
        "description": "test3",
        "icon": "/icon/actioncard/post_abortion_care_emergency_management",
        "LastUpdated": 1713419204789,
        "_table": "module-categories",
        "id": "ebfa9b24-9e10-ee56-bf70-386f48410453",
        "modules": [
            "active-management-of-third-stage-labour_1487678773861",
            "prolonged-labour_1487678855904",
            "post-partum-hemorrhage_1487678905876"
        ]
    },
    {
        "key": "test4_1715590182778",
        "description": "test4",
        "icon": "/icon/actioncard/emergency_referral",
        "LastUpdated": 1715590192226,
        "_table": "module-categories",
        "id": "e67d0b7e-3688-152a-0ef6-98760f8e2bf0",
        "modules": [
            "infection-prevention_1487676001934",
            "post-abortion-care_1487676484604"
        ]
    },
    {
        "key": "test5_1716273894345",
        "description": "test5",
        "icon": "/icon/actioncard/maternal_sepsis_emergency_management",
        "LastUpdated": 1716273905898,
        "_table": "module-categories",
        "id": "9687a369-83f3-b931-0fc3-1b34d0844e42",
        "modules": [
            "female-genital-mutilation_1494414132178",
            "low-birth-weight_1539679206162"
        ]
    },
    {
        "key": "test6_1716287542197",
        "description": "test6",
        "icon": "/icon/actioncard/maternal_sepsis_definitions",
        "LastUpdated": 1716287566695,
        "_table": "module-categories",
        "id": "8c64c6de-11c8-5f2b-1e41-bfb673ad49f6",
        "modules": [
            "low-birth-weight_1539679206162"
        ]
    },
    {
        "LastUpdated": 1716463231066,
        "_table": "module-categories",
        "id": "1e239a76-3d8c-2958-2f07-06529f8bd129"
    },
    {
        "LastUpdated": 1716463260955,
        "_table": "module-categories",
        "id": "ce1c51dc-d536-7d4a-071f-d06de0411193"
    }
]